역명_clean,lat,lng
성환,36.9159530167598,127.126837110236
평택,36.9908490091432,127.085272971043
구로,37.50334155631282,126.88230806229326
남영,37.540566672483216,126.97133096608212
동묘앞,37.5732166600283,127.016364227103
안양,37.4016838636508,126.922729807594
부천,37.483989787369545,126.78308287157131
명학,37.3844604191546,126.935592791667
회기,37.5897962196601,127.058048369273
동암,37.4706957867304,126.702889753462
탕정,36.7882087107804,127.08439248328
덕계,37.8187525814885,127.056691678415
동두천,37.9276132662293,127.05492800053
청량리,37.580037056302906,127.04472723023305
제기동,37.57817349658033,127.03494949507864
신설동,37.5760299683175,127.024456700382
동대문,37.571669405802616,127.01063381083677
종로5가,37.57097610838373,127.00153834521934
종로3가,37.570420844523,126.992153252476
금정,37.37233746119409,126.94327003910128
서동탄,37.1957351505295,127.051856779194
개봉,37.4946417150651,126.858715959622
전곡,38.0244410116172,127.071725088088
소요산,37.9488975919392,127.061128608638
동두천중앙,37.9017807357936,127.05642330094
간석,37.46470628162983,126.69351903231802
종각,37.570227990912244,126.98315081716676
시청,37.56534539636417,126.97719821079865
서울,37.55597933890212,126.97209238331357
독산,37.46597376787178,126.88947790336374
소사,37.48280123201647,126.79564653125107
인천,37.476166712082836,126.61682219568799
송내,37.48764140324914,126.75315944764172
화서,37.2840016829776,126.9896120326472
군포,37.35419227847359,126.948517502286
방학,37.6674383662755,127.044321721307
덕정,37.8431876500694,127.06155932141
보산,37.914144018035586,127.0571810247491
온수,37.4923999909922,126.823828819915
청산,37.9950890028797,127.074273958107
가능,37.7483963196456,127.044288264841
부개,37.488477043182,126.740730089704
오류동,37.49439720933549,126.84480744815397
직산,36.8709328418739,127.143823728817
관악,37.41956795517324,126.90849999541258
신이문,37.6017816437084,127.067398003775
천안,36.81052305989757,127.14648879876161
세마,37.1871352848477,127.043426817312
진위,37.1100790285838,127.062355993621
도봉산,37.68951167833238,127.04606271663916
구일,37.496254517687,126.86969110539
서정리,37.0565637021655,127.052881703722
의왕,37.3203421132836,126.9479765012
녹천,37.644633445567656,127.05138201885734
망월사,37.7102191609902,127.047418285506
당정,37.343689819399884,126.94837119045768
회룡,37.7238058806629,127.047295368138
온양온천,36.7805448837693,127.003181472942
도봉,37.6792119046658,127.045534886672
연천,38.1006071628556,127.073673786091
의정부,37.7383624923599,127.045956826767
녹양,37.759385253302,127.042279351606
석계,37.61500552731744,127.06568946412851
영등포,37.5156726288261,126.907550274975
쌍용,36.7937257780754,127.121378271233
양주,37.7741421622165,127.044721319691
배방,36.7776965014173,127.052788090648
지행,37.892342734325595,127.05579309162063
송탄,37.0757126572027,127.05428046136659
두정,36.833981274461074,127.14894257701431
신길,37.51678703217714,126.91836721069228
월계,37.6332775453974,127.058857087601
광운대,37.6238373628149,127.061695160651
외대앞,37.596274142656114,127.06369251145765
노량진,37.5140547961008,126.942109882124
용산,37.52977356999725,126.96462961258051
주안,37.46505238644672,126.67996793218974
아산,36.7921165665983,127.104076682696
대방,37.51335413975466,126.92649449142719
봉명,36.8014198330363,127.1360381121
평택지제,37.01890215095567,127.07051382655925
수원,37.26568218296588,127.00004960484385
성균관대,37.3003290017027,126.971022000022
석수,37.43509293822681,126.90232078368835
금천구청,37.4561943743749,126.893608614581
가산디지털단지,37.4815311901749,126.882614758479
세류,37.243872520123844,127.01379969649852
병점,37.206752699495524,127.03320037309325
오산대,37.1693504386917,127.063075726398
광명,37.4167362171922,126.884961689119
신창,36.7696422998843,126.951393082675
창동,37.6533385121404,127.047644999036
곡,37.48531525961914,126.81205931841492
도화,37.4661175111199,126.668575935273
중동,37.486681622773176,126.76453398304898
오산,37.1447171633287,127.066630122646
도원,37.46877255664296,126.64253515710824
동인천,37.4754032677399,126.63261605410459
제물포,37.466819329634994,126.65749387411809
신도림,37.508908482648,126.891312500851
백운,37.483342495597,126.707294407871
부평,37.4894490429055,126.724331088618
잠실새내,37.5116263587296,127.086314327913
대림,37.4933099444417,126.894931036051
서울대입구,37.4812845080678,126.952713197762
한양대,37.5557159860408,127.043639802768
신도림,37.508222191535346,126.89161095407636
아현,37.55740617797663,126.95614644008904
봉천,37.4824725161034,126.941686527151
충정로,37.55976328822766,126.96449207476172
용답,37.562122776762756,127.05088954367504
문래,37.5179757181801,126.894778820701
신림,37.484267135140364,126.9297453749671
종합운동장,37.5111446632705,127.073849447402
삼성,37.508822740225305,127.06302321147605
신대방,37.48765046104574,126.91350747615147
영등포구청,37.5258305311402,126.89667739939
양천구청,37.5123888716808,126.865722369229
을지로4가,37.5666405038268,126.997632059113
뚝섬,37.547241554679,127.04738727881
신답,37.5698386846442,127.047080117369
을지로입구,37.566035517712955,126.9821953112953
사당,37.47656223234824,126.98155858357366
을지로3가,37.56629149790628,126.99098443539428
성수,37.5445888153751,127.056066999327
건대입구,37.54040751726388,127.06920291650829
당산,37.5347843171332,126.902611795523
신정네거리,37.5202231231721,126.852889567642
구의,37.5371752725594,127.086180837795
합정,37.54991315995173,126.91445406513526
용두,37.5740621283646,127.038275698211
구로디지털단지,37.4852605752505,126.901473080039
홍대입구,37.5568707448873,126.923778562273
신촌,37.555198169366435,126.93698075993808
이대,37.556814718869,126.94642954546576
신설동,37.5748045192005,127.024918166399
도림천,37.5145080414761,126.882649092584
까치산,37.5314060103327,126.846948282657
시청,37.56368183746611,126.97559827045151
동대문사문화공원,37.56566440553802,127.00900417014896
신당,37.5656730531732,127.019477533278
상왕십리,37.56443666620397,127.02927241035283
강변,37.5351180385975,127.094741101863
잠실나루,37.5207124124456,127.103808749487
잠실,37.51331105877401,127.10023101886318
선릉,37.504497373023206,127.04896282498558
삼,37.5006744185994,127.03646946847
강남,37.49808633653005,127.02800140627488
교대,37.4938999991414,127.014383829781
서초,37.4918499338918,127.007662120039
방배,37.4814561268152,126.997553345516
낙성대,37.4770932409965,126.963523905001
왕십리,37.561268363317176,127.03710337610202
경찰병원,37.4960049150853,127.124482397777
안국,37.57650192060523,126.98542143228659
학여울,37.4968851977644,127.071166599707
원당,37.6531102058516,126.842918441607
주엽,37.6701494878278,126.761263524195
매봉,37.4869394661317,127.046711448388
옥수,37.5415662783673,127.017393782846
삼송,37.65326511526386,126.89573389994084
금호,37.548260922874086,127.01582916945283
마두,37.65224113444557,126.77761059652867
원흥,37.6506921774602,126.87302523491
백석,37.6429623651607,126.788131509803
양재,37.48457681195669,127.03416413380752
대곡,37.63169736298744,126.81093112718072
가락시장,37.4922493218664,127.11764173832
수서,37.487459640349336,127.10205874359781
정발산,37.659480619983,126.773405960872
오금,37.50232208779385,127.12848280775154
을지로3가,37.5664312655685,126.992615486076
화정,37.6346440058753,126.832688422366
일원,37.4839886684666,127.084129757128
남부터미널,37.4851996335293,127.01620028391
종로3가,37.570420844523,126.992153252476
도곡,37.49097398162934,127.05549883514037
경복궁,37.5758061234865,126.973691352767
신사,37.51643597531432,127.02030856272764
독립문,37.57446627898665,126.95791371132584
동대입구,37.55905581925076,127.00531600900922
대치,37.4944966528582,127.063203409529
무악재,37.5825632263526,126.950230954136
교대,37.4927431676548,127.013867969161
홍제,37.5887953806088,126.944158007985
고속터미널,37.50454885557265,127.00512100872538
녹번,37.6008067681825,126.935828008217
불광,37.6100477979795,126.930315826401
연신내,37.61920414913163,126.92110296894133
대화,37.676157377075,126.747500970967
구파발,37.6364357889145,126.918852820009
약수,37.5545053994984,127.010891666957
지축,37.6481486423031,126.913854269202
압구정,37.52649127416921,127.02850865895756
충무로,37.56139658395457,126.99414960395544
잠원,37.5128899169357,127.011419491429
대청,37.49370832148055,127.07952812085006
반월,37.3123817631801,126.90382444207
상록수,37.30285235924208,126.8666056400078
한대앞,37.309429480381965,126.85402320176591
동작,37.50297957674478,126.9803148383829
노원,37.6563403513278,127.063449137455
신용산,37.5292591489375,126.967965039183
금정,37.37246820714397,126.94347315682283
길음,37.603394782316634,127.02506019737066
삼각지,37.5344393447708,126.972922951307
동대문,37.5709072753658,127.009313828405
안산,37.32685867641246,126.7892163493839
범계,37.3897837540429,126.950783269518
고잔,37.3167693077138,126.82359875532677
경마공원,37.4439629881231,127.007838042533
대공원,37.4360557449009,127.006752481821
인덕원,37.4014941709597,126.976679855187
충무로,37.56151106015413,126.9952553883253
정부과천청사,37.4265047272927,126.989868044926
미아사거리,37.61327836400571,127.03008663628454
한성대입구,37.58842461354086,127.00601781685579
중앙,37.31599451967913,126.83883035405907
산본,37.3580193085257,126.933046329836
과천,37.43287530237988,126.99661712263098
수유,37.63788539420793,127.02550910860451
이촌,37.522373484615365,126.97452008954151
평촌,37.39423950914369,126.9638080221341
수리산,37.3505579695805,126.92563095069
혜화,37.58204391787134,127.00194500977393
신길온천,37.33737450574518,126.76752183250063
대야미,37.327965125951,126.916897519557
서울,37.553027798935524,126.97264235696984
사당,37.4775912070902,126.98169851997
남태령,37.4642499558525,126.989085267707
정왕,37.351701334544885,126.74335018635819
성신여대입구,37.59296812939267,127.0171260607647
쌍문,37.6485426057036,127.03465609756
상계,37.660720544722,127.073421632239
불암산,37.67021773630595,127.07906662027122
별내별가람,37.6678462120372,127.116241994779
오남,37.7051635201214,127.191104897113
진접,37.7199083469452,127.203247263047
명동,37.56096526943837,126.98640235001736
창동,37.6533706449195,127.04838841056
동대문사문화공원,37.565033800640144,127.00769790634796
숙대입구,37.5445952301115,126.972118127373
초지,37.3204403767323,126.80647314589804
미아,37.6266544891889,127.026041090189
총신대입구,37.4867995957995,126.982211871752
회현,37.55876114587941,126.9784372569283
선바위,37.451747988798516,127.00222869400723
오이도,37.36170269464333,126.73840352940697
강일,37.5574259795986,127.175680183486
아차산,37.55224917071854,127.08956495447913
여의도,37.5217753947299,126.924397990207
여의나루,37.5271469489465,126.93298596744
거여,37.4933304500736,127.143773841911
미사,37.562991348199,127.192490980441
하남검단산,37.5398032640088,127.223219337317
하남시청,37.5419775122576,127.206298162203
마천,37.4950381629493,127.152859864985
개롱,37.497968278388235,127.13507959838425
오금,37.5021388575469,127.127953219596
올림픽공원,37.5163389870117,127.130963675401
둔촌동,37.52765684247226,127.13621464981398
고덕,37.55504766830918,127.15416500963447
명일,37.5513978958277,127.14404374474
굽은다리,37.54551759022203,127.14288387331297
길동,37.5378264874159,127.140021295948
강동,37.5358819145235,127.132396300314
광나루,37.5452991715677,127.103521464507
군자,37.557151488837924,127.0795106156054
장한평,37.5616038910656,127.06370373106944
마장,37.5661389565959,127.042984855663
왕십리,37.56203954461276,127.03733125702163
행당,37.5573637818732,127.029511840513
신금호,37.55447619249223,127.02049316578315
동대문사문화공원,37.56462215427451,127.00579179092047
을지로4가,37.567564032148596,126.99804517954063
종로3가,37.57258941181964,126.9904176797898
광화문,37.57164860977568,126.97642427981408
충정로,37.56042867918723,126.96303964820936
공덕,37.5445416897534,126.951451177648
신길,37.517663974187,126.914913947722
영등포구청,37.5242291583027,126.895322094259
신정,37.5250276134139,126.856097474225
화곡,37.5416507925709,126.840455026335
우장산,37.54881618721654,126.83632627213518
발산,37.558677743241596,126.83773640693936
마곡,37.56022863776301,126.82469691791624
방화,37.5776031994404,126.812819296675
서대문,37.56575193662503,126.96663755850754
천호,37.5385112120297,127.12392845044
청구,37.5602101936978,127.013943845279
오목교,37.5245340839144,126.875307312696
목동,37.526135115923466,126.86462527157516
송정,37.5611612387718,126.812430347154
개화산,37.5725371505293,126.806814314979
까치산,37.5322306724471,126.846444264065
김포공항,37.56209981580658,126.80125680693868
방이,37.5087506251989,127.126096046986
영등포시장,37.522709383885,126.905179566968
상일동,37.5566778757215,127.165905758209
애오개,37.5534131497489,126.956669363197
양평,37.5255796429707,126.886419282885
하남풍산,37.5522898049699,127.204006631381
답십리,37.56697480965114,127.05256127651293
마포,37.53955402908912,126.94586257221307
돌곶이,37.61054501416126,127.0564381246322
태릉입구,37.6173499119222,127.07475176155
효창공원앞,37.5393087503306,126.96139810075
청구,37.5609165488093,127.014165812912
봉화산,37.617350836302734,127.09136011564394
월드컵경기장,37.5696355653344,126.899098148061
마포구청,37.5634871865932,126.903425598797
고려대,37.59044191064368,127.03630828564728
망원,37.5560826563712,126.910094329982
안암,37.586307417971,127.029233420248
보문,37.585541696968,127.020003515933
삼각지,37.53560639488231,126.97405509443837
녹사평,37.5347227952064,126.9865496751
창신,37.57941474393655,127.01529688465331
이태원,37.5345252050511,126.994333861918
버티고개,37.5478275106099,127.006730866101
한강진,37.5397907743775,127.001765135176
동묘앞,37.5721715926337,127.015725557994
신당,37.56609251486158,127.01617590593352
약수,37.5539252226626,127.010153707232
불광,37.6100477979795,126.930315826401
석계,37.6151491167469,127.066703301093
응암,37.5984928632876,126.9155399209037
화랑대,37.61984245540276,127.08354181123269
합정,37.54991315995173,126.91445406513526
광흥창,37.54748648317645,126.93202965599583
촌,37.60622745935512,126.9228437430386
독바위,37.6184141599944,126.933053652461
상월곡,37.6065588265169,127.048829192974
상수,37.54776618366393,126.92242989321456
신내,37.6124910157349,127.104271439503
공덕,37.543530049331636,126.95189540256291
구산,37.61124669148435,126.91725947715172
연신내,37.61851445829909,126.92045466718463
새절,37.5908600479967,126.913580663181
증산,37.583746353282,126.909494991105
디지털미디어시티,37.57601374718818,126.90127778415635
대흥,37.5476479056751,126.942473188734
월곡,37.6018044172918,127.041460725816
남성,37.484793511299706,126.97091020065321
군자,37.55745501860533,127.07966825326926
이수,37.48528852311765,126.98167629035197
고속터미널,37.5033865633062,127.005007834609
논현,37.51120000205266,127.02165424259898
중곡,37.56592206115955,127.08431236632154
용마산,37.57366797492471,127.08671982507775
면목,37.5887148877725,127.087503803859
온수,37.4919675365056,126.823847928009
천왕,37.48685558277736,126.83860534807998
철산,37.4761928424537,126.868211027014
청담,37.519455579961,127.053717937903
상봉,37.5955853328943,127.085754455388
학동,37.51434578734927,127.03190190063152
중화,37.6025526943256,127.079312037122
강남구청,37.51721617197854,127.0413109462156
먹골,37.6106193846197,127.077762187968
태릉입구,37.618459513199,127.075405300578
중계,37.6450921230569,127.06411035896
노원,37.6545110763411,127.06055556456411
석남,37.5062431189861,126.676149271119
산곡,37.5086071956774,126.703543714352
부평구청,37.50743350044892,126.72143971800028
건대입구,37.54040751726388,127.06920291650829
공릉,37.6255427648558,127.073033585328
하계,37.6364765391858,127.067991278758
마들,37.6652017465321,127.057712619869
수락산,37.6778814656816,127.055350968781
상동,37.50578860265,126.753192450274
부천시청,37.50465563053715,126.76401384887843
신중동,37.50295164139924,126.77689833819102
춘의,37.50369919594287,126.78699775795889
부천종합운동장,37.50542641602307,126.7972349705182
까치울,37.506227351130065,126.81133962285816
신풍,37.5001229935524,126.90975434386
상도,37.5028706251049,126.947917975554
내방,37.4876585212369,126.993600180589
도봉산,37.6896304650032,127.046425596353
장암,37.699956566426,127.052818310578
광명사거리,37.4792983082726,126.854873735158
가산디지털단지,37.4803959660982,126.882661758356
반포,37.5081614290284,127.011586161943
사가정,37.5809403751459,127.088504554212
자양,37.53155927720518,127.06679509976304
남구로,37.48625714438263,126.88741505160269
대림,37.4928430008915,126.896722858042
보라매,37.49992085496506,126.92061230710924
신대방삼거리,37.499757228908564,126.92821094566965
굴포천,37.50704649360379,126.7313475774674
삼산체육관,37.50650314706075,126.7414221320359
장승배기,37.5048990621814,126.939072381356
어린이대공원,37.54796087622509,127.07465525507352
숭실대입구,37.4963172817574,126.953621963422
문정,37.4860310539381,127.122484886901
송파,37.4997149535067,127.112193506363
복정,37.47074367341675,127.12672175187316
암사,37.55015818096496,127.12754072968517
구리,37.6025594165258,127.140724609447
동구릉,37.6110490478693,127.13800203872
별내,37.642486592412226,127.12728258400915
장지,37.4786316933099,127.12617656737
수진,37.4373779787206,127.140534508419
신흥,37.4409230460675,127.147538132656
모란,37.4340382896277,127.129970457799
남한산성입구,37.4516686968693,127.159882577768
강동구청,37.5302111983522,127.12044373032
몽촌토성,37.5178055794687,127.11286534895457
장자호수공원,37.5875774304238,127.137933784452
잠실,37.5143121584933,127.103270523629
단대오거리,37.44502248894697,127.156769790167
석촌,37.5054141216925,127.107004062699
산성,37.456881468719025,127.14994186233623
남위례,37.4627230752808,127.139350997519
암사사공원,37.5571837185175,127.137563111896
가락시장,37.4930992522183,127.118262745146
천호,37.537936231906734,127.12320335921426
다산,37.6242782781657,127.14979716054
개화,37.5783445148797,126.796891362602
송파나루,37.51101671275264,127.11266171422027
석촌,37.504972845773686,127.10676479806769
석촌고분,37.50246245994369,127.0965081858022
삼전,37.504549097056476,127.08736363126373
고속터미널,37.5059814899483,127.004211793489
종합운동장,37.5114097871778,127.076324485585
봉은사,37.5142554489848,127.060233935114
증미,37.558133059903305,126.86063675500975
삼성중앙,37.5129614511319,127.053043676912
등촌,37.550728980328884,126.86557100595411
염창,37.546982941543,126.874871603971
신목동,37.5442883741577,126.883095790252
국회의사당,37.5281465047706,126.91783895106
여의도,37.5211700890445,126.92466104293
동작,37.502744106282044,126.97854611382496
선정릉,37.51032431709664,127.0440148858615
당산,37.5337892432802,126.902165052778
선유도,37.53815865606546,126.89333386450167
노량진,37.5135856714992,126.940893179777
샛강,37.51737287009036,126.9283750591322
가양,37.56143311719883,126.85442142615852
양천향교,37.5680808809647,126.841978835328
중앙보훈병원,37.52840258997037,127.14841167813621
신반포,37.5035091412544,126.996082392175
사평,37.5042326273953,127.015272484531
둔촌오륜,37.51940803726135,127.13865206962898
올림픽공원,37.5161163241813,127.130252931248
노들,37.5126721234205,126.953096069577
한성백제,37.5165379932802,127.116449169971
마곡나루,37.5667126094974,126.827420928424
신논현,37.504811111562,127.025492036104
언주,37.5073353959717,127.033970921595
흑석,37.5091654719404,126.963463063008
구반포,37.5014398319603,126.987464905696
신방화,37.56748745669626,126.81723757150974
공항시장,37.56368922800772,126.81060964296609
김포공항,37.56196757232288,126.80191361988808
수서 GTX-A,37.4866365875118,127.102558521485
성남 GTX-A,37.3943277655731,127.120547819505
구성 GTX-A,37.2991066202884,127.103860952138
동탄 GTX-A,37.2009611445174,127.09549558432
운정중앙 GTX-A,37.716126583531,126.72814460393
킨텍스 GTX-A,37.665242745403,126.748256521974
대곡 GTX-A,37.6324057061898,126.810475040471
연신내 GTX-A,37.6189362438035,126.920637714408
서울 GTX-A,37.5554875216741,126.972636930856
곤지암 경강선,37.3505395429634,127.346251343712
판교 경강선,37.394775885643,127.111982699564
부발 경강선,37.2603923465465,127.490321502069
성남 경강선,37.3947450401644,127.119560339499
이매 경강선,37.3947135146921,127.127318661399
신둔도예촌 경강선,37.3156131233126,127.40524300441095
세종대왕릉 경강선,37.2936326216504,127.57065963840586
초월 경강선,37.3733791295012,127.299905223152
여주 경강선,37.2828596478666,127.628529053998
경기광주 경강선,37.3989438131636,127.253282668137
삼동 경강선,37.40868738382225,127.20338391386589
이천 경강선,37.264225761758865,127.44216788016918
이촌 경의선,37.52241291408466,126.97354382085399
상봉 경의선,37.5992960295399,127.092367383432
양원 경의선,37.6066060557557,127.107946139148
신촌 경의선,37.55967513765615,126.94208931819857
금릉 경의선,37.7513389843704,126.765410119425
임진강 경의선,37.8882750558283,126.747078454706
도농 경의선,37.6087726045416,127.161178663222
양정 경의선,37.604027962835566,127.19466908658632
양평 경의선,37.4926843397043,127.492247611418
금촌 경의선,37.7662265030421,126.774633255205
오빈 경의선,37.5061671737276,127.473661407181
아신 경의선,37.5139186008078,127.443211499187
국수 경의선,37.5161871164552,127.399309828929
양수 경의선,37.5459634283124,127.329138380916
운길산 경의선,37.5546425431665,127.310231608596
덕소 경의선,37.5868903292078,127.208842710609
중랑 경의선,37.5948425975025,127.075680398461
도심 경의선,37.579639075911,127.222683857886
용산 경의선,37.52960692295435,126.96475753303035
한국항공대 경의선,37.6029725988481,126.86832177393612
서빙고 경의선,37.519568139395346,126.98841094338457
능곡 경의선,37.61898698884321,126.82063426387445
대곡 경의선,37.631949960160085,126.8100094467358
수색 경의선,37.5808625683358,126.895659474538
왕십리 경의선,37.56205814456861,127.0383329389645
운천 경의선,37.8798512036962,126.769908998666
파주 경의선,37.8153655831005,126.79269130281
월롱 경의선,37.7962146380874,126.792585875504
일산 경의선,37.68222907297604,126.7695084298458
행신 경의선,37.612121606726944,126.83428827682994
지평 경의선,37.476907283345135,127.62890592244803
신원 경의선,37.5255855578889,127.373091698635
홍대입구 경의선,37.5574494922411,126.927118938976
용문 경의선,37.4818020661568,127.593795306663
팔당 경의선,37.5473594340956,127.243966151989
회기 경의선,37.5895296349726,127.05782624137
응봉 경의선,37.5499526279456,127.034483653629
옥수 경의선,37.540511901869166,127.01874455821252
문산 경의선,37.854626895054,126.787395378931
운정 경의선,37.72560181256856,126.76716330229101
야당 경의선,37.712611015679,126.761453983315
탄현 경의선,37.6939889446111,126.761078262576
풍산 경의선,37.672668497783,126.78608384011483
백마 경의선,37.65853599537713,126.7943339818477
곡산 경의선,37.64607886227099,126.80160321314327
강매 경의선,37.6122904718741,126.84449823065067
디지털미디어시티 경의선,37.57740168656261,126.90069067398757
가좌 경의선,37.5687433529646,126.914815128053
서강대 경의선,37.5521384864879,126.935507621173
청량리 경의선,37.580279093795085,127.04786558187519
망우 경의선,37.5992960295399,127.092367383432
효창공원앞 경의선,37.53860552677497,126.96282412672662
서울 경의선,37.55693330961779,126.9713179064219
구리 경의선,37.603268938528196,127.14335098072823
공덕 경의선,37.5424735099283,126.95271984059
원덕 경의선,37.468781735546,127.546558679899
한남 경의선,37.5294289189437,127.009209110584
김유정 경춘선,37.8184490071056,127.714323967766
강촌 경춘선,37.805721704842,127.634151572422
백양리 경춘선,37.8307917497493,127.589324987859
신내 경춘선,37.61270546979327,127.10322521629693
가평 경춘선,37.8145200514507,127.51073942455
퇴계원 경춘선,37.6482657629059,127.14353713662
금곡 경춘선,37.6373551430559,127.207533674718
사릉 경춘선,37.65112427884554,127.17692620365439
갈매 경춘선,37.6340689252244,127.114760741021
대성리 경춘선,37.6839900741502,127.379706254541
굴봉산 경춘선,37.8320661917515,127.557769861431
마석 경춘선,37.652792215501,127.311686554885
남춘천 경춘선,37.8640466747977,127.723850659304
춘천 경춘선,37.884512737384,127.716698593345
평내호평 경춘선,37.6532138128125,127.244438968688
청평 경춘선,37.7355163992466,127.426622860785
중랑 경춘선,37.5950833462926,127.076790328944
별내 경춘선,37.642067071704496,127.1269691476328
천마산 경춘선,37.6592276778117,127.285062700362
상봉 경춘선,37.5969733432502,127.085085690038
망우 경춘선,37.600017312378,127.091738656282
상천 경춘선,37.7701784041516,127.454515681516
청량리 경춘선,37.581273475892466,127.0486360630067
회기 경춘선,37.5899221169641,127.058537601316
광운대 경춘선,37.623916497664,127.061985215335
홍대입구 공항철도,37.5573052656667,126.927010430346
마곡나루 공항철도,37.56563152507763,126.82749586320818
김포공항 공항철도,37.561829756420224,126.8024731079849
계양 공항철도,37.57177084709832,126.73627367694554
영종 공항철도,37.5120289919535,126.524975940011
인천공항2터미널 공항철도,37.4688002145258,126.433640888212
인천공항1터미널 공항철도,37.44752854508576,126.45258454579164
공항화물청사 공항철도,37.4590625046021,126.47751440637
운서 공항철도,37.4928088834418,126.493729942049
청라국제도시 공항철도,37.55646453155236,126.62465841357525
검암 공항철도,37.56925281871912,126.67364220875055
서울 공항철도,37.55332892758497,126.96974961781686
공덕 공항철도,37.5423148868697,126.952602261123
디지털미디어시티 공항철도,37.57752092438604,126.89788185706144
사우 김포도시철도,37.620321335136204,126.71976741873046
운양 김포도시철도,37.6537750040601,126.683844450975
양촌 김포도시철도,37.64178438994002,126.61462594837248
구래 김포도시철도,37.64539340715656,126.62857604330732
마산 김포도시철도,37.6406117204577,126.644004368759
장기 김포도시철도,37.6440651946922,126.66907862282
풍무 김포도시철도,37.61242840262763,126.7324492375288
걸포북변 김포도시철도,37.631638772756794,126.70577572197524
김포공항 김포도시철도,37.56232990369519,126.80199188908921
고촌 김포도시철도,37.601213413053,126.770325947061
선부 서해선,37.3344084544244,126.809989544577
신현 서해선,37.40956486776796,126.787838368873
초지 서해선,37.3197434069867,126.807842296925
달미 서해선,37.3487879549025,126.809416088572
풍산 서해선,37.67193317670881,126.78651327978358
능곡 서해선,37.61898698884321,126.82063426387445
시흥시청 서해선,37.38156161940996,126.80594809695735
시흥능곡 서해선,37.3699465347315,126.808721340419
김포공항 서해선,37.5617956120178,126.804151698874
신천 서해선,37.43924604520613,126.78678508124932
부천종합운동장 서해선,37.5061541549989,126.79760170408
곡산 서해선,37.64607886227099,126.80160321314327
시흥대야 서해선,37.4500998726813,126.792993796201
소새울 서해선,37.46851045193921,126.79728159163491
소사 서해선,37.482905634947286,126.79506057713336
백마 서해선,37.657797042058306,126.7947655346786
원시 서해선,37.3026237626179,126.786793532374
원종 서해선,37.5241890956788,126.804845090802
대곡 서해선,37.6318575945755,126.809720795002
시우 서해선,37.313163621585524,126.79574223454856
일산 서해선,37.68222907297604,126.7695084298458
보정 수인분당선,37.3127749181936,127.108336816968
송도 수인분당선,37.4299616326114,126.654675713707
호구포 수인분당선,37.4016421735726,126.708683171095
오목천 수인분당선,37.2433596329495,126.963902835862
기흥 수인분당선,37.2754972009506,127.115955078051
태평 수인분당선,37.43978918729356,127.12774980543841
인천 수인분당선,37.4764686136348,126.617398357613
야탑 수인분당선,37.4113736407028,127.128742990837
남동인더스파크 수인분당선,37.4077423820652,126.695227491501
인하대 수인분당선,37.4483386165197,126.649763418519
월곶 수인분당선,37.3918207044367,126.742707561155
상갈 수인분당선,37.261811831367,127.108737254546
수내 수인분당선,37.3784687674046,127.114288846291
선정릉 수인분당선,37.5109326388803,127.043627289129
중앙 수인분당선,37.316040183909934,126.8379593376949
숭의 수인분당선,37.460799611154286,126.63841022084426
죽전 수인분당선,37.3243773830569,127.107505020642
오리 수인분당선,37.3398305519823,127.108948940053
영통 수인분당선,37.2515035095752,127.07133191773
한티 수인분당선,37.4962857047653,127.052909749417
야목 수인분당선,37.2614226743824,126.883773399214
구성 수인분당선,37.298978850791976,127.10569583571818
미금 수인분당선,37.35007159880101,127.10900662549734
안산 수인분당선,37.32740075973935,126.78801883475911
압구정로데오 수인분당선,37.5275184818021,127.0406027693898
고잔 수인분당선,37.3168252865338,126.822470479766
대모산입구 수인분당선,37.4915500752654,127.073070274916
달월 수인분당선,37.3800267658985,126.74540347645
복정 수인분당선,37.46904181976967,127.12657757539301
왕십리 수인분당선,37.56063982853407,127.03878380532441
선릉 수인분당선,37.505167825521674,127.04870992465413
청량리 수인분당선,37.5808953806814,127.047847862522
정왕 수인분당선,37.3520125238326,126.742261089582
초지 수인분당선,37.320896443419954,126.80546223274199
한대앞 수인분당선,37.3102070123702,126.85324560267
신갈 수인분당선,37.2861483619847,127.111284750107
신포 수인분당선,37.4684545360849,126.624533685908
정자 수인분당선,37.3661737923199,127.108097457244
모란 수인분당선,37.432056973841604,127.12913205625071
가천대 수인분당선,37.44856169280611,127.1266967573021
강남구청 수인분당선,37.51721617197854,127.0413109462156
인천논현 수인분당선,37.4006589466073,126.722452080127
소래포구 수인분당선,37.4009402347666,126.733492081979
매교 수인분당선,37.2655153235144,127.01590057208
신길온천 수인분당선,37.33789250317993,126.76655878915673
개포동 수인분당선,37.4891394691891,127.066120707828
연수 수인분당선,37.41792798381812,126.67874745918827
수원시청 수인분당선,37.2619226180172,127.030857188083
원인재 수인분당선,37.4132120460243,126.686457819329
수서 수인분당선,37.48791648624159,127.10096935722798
매탄권선 수인분당선,37.2525055074191,127.040808657326
서현 수인분당선,37.3850154269126,127.123431479636
서울숲 수인분당선,37.543645796605,127.044746216358
어천 수인분당선,37.25008784954119,126.90880001435008
고색 수인분당선,37.2497717717764,126.980572516343
구룡 수인분당선,37.4870274262116,127.059492941655
망포 수인분당선,37.2458383703858,127.056854781327
수원 수인분당선,37.26568218296588,127.00004960484385
도곡 수인분당선,37.49097398162934,127.05549883514037
사리 수인분당선,37.290641235808586,126.85710444456184
오이도 수인분당선,37.362929236026645,126.73892305019992
청명 수인분당선,37.2595395723925,127.078969000537
이매 수인분당선,37.396209063853476,127.12828790116325
보라매 신림선,37.5003072682843,126.920436608423
대방 신림선,37.5128137623052,126.925415962213
당곡 신림선,37.490223280126,126.927560844494
관악산 신림선,37.4690860478461,126.94509952208
서울대벤처타운 신림선,37.4720023242775,126.933959958388
서울지방병무청 신림선,37.5060553927614,126.922713971785
서원 신림선,37.4782386357719,126.93310993651
보라매병원 신림선,37.4929643194464,126.923549547206
보라매공원 신림선,37.4954456720422,126.918140532784
신림 신림선,37.4848815538296,126.929629471493
샛강 신림선,37.5171662943088,126.929463427672
신사 신분당선,37.5160820085929,127.019551734927
성복 신분당선,37.3135324511783,127.08038367116
광교중앙 신분당선,37.2883843017536,127.051726324729
상현 신분당선,37.2978289663421,127.069363534097
양재 신분당선,37.4834655780476,127.035154074503
광교 신분당선,37.3021119263654,127.044268853097
양재시민의숲 신분당선,37.4701332061395,127.038471341381
청계산입구 신분당선,37.4483547387397,127.054720327179
판교 신분당선,37.39477752734142,127.11119782955879
정자 신분당선,37.3673267196137,127.108519062566
미금 신분당선,37.35007178997763,127.10879895547586
동천 신분당선,37.3378429142383,127.102870440698
수지구청 신분당선,37.322492584304,127.094658560596
강남 신분당선,37.4967771303817,127.028185245594
신논현 신분당선,37.5036164990854,127.024926154562
논현 신분당선,37.5104125196351,127.021678898276
초당 용인경전철,37.26080647373655,127.15946923688787
기흥 용인경전철,37.27545287699772,127.11704645705142
강남대 용인경전철,37.27017072715994,127.12606689205987
지석 용인경전철,37.269737317702365,127.13663256032949
어정 용인경전철,37.27495131826632,127.14374986977646
동백 용인경전철,37.269101384338924,127.15269056435368
삼가 용인경전철,37.24205993395667,127.16817999042203
시청용인대 용인경전철,37.23944203003437,127.17888509175044
명지대 용인경전철,37.23807628801618,127.19029130857074
김량장 용인경전철,37.23732377067836,127.19861087939051
용인중앙시장 용인경전철,37.23791130233472,127.20905151782907
고진 용인경전철,37.244638336050315,127.21418360142515
보평 용인경전철,37.26721221736258,127.21363872279483
둔전 용인경전철,37.26721221736258,127.21363872279483
전대에버랜드 용인경전철,37.28541326931372,127.21950896826833
북한산보국문 우이신설선,37.6121367531121,127.008263392003
성신여대입구 우이신설선,37.5923825668685,127.016549589616
가오리 우이신설선,37.6415440572233,127.01676896839822
북한산우이 우이신설선,37.66288704047998,127.01275713087601
솔밭공원 우이신설선,37.66288704047998,127.01275713087601
정릉 우이신설선,37.602614606648,127.013539545056
화계 우이신설선,37.6340873974011,127.017510491529
삼양 우이신설선,37.6269190539283,127.018156780705
삼양사거리 우이신설선,37.6213181360851,127.020488845069
솔샘 우이신설선,37.620259575206596,127.01355180603669
419민주묘지 우이신설선,37.6495307746374,127.01369763482
보문 우이신설선,37.5850444246949,127.019550510271
신설동 우이신설선,37.576550995373644,127.02320708440578
흥선 의정부경전철,37.74328307869396,127.03717589317614
의정부중앙 의정부경전철,37.7436803165603,127.049649812523
의정부시청 의정부경전철,37.739234834508,127.034848091039
동오 의정부경전철,37.745269911047,127.056985043204
새말 의정부경전철,37.7488486906286,127.063759511679
경기도청북부청사 의정부경전철,37.7507650408734,127.071617829299
효자 의정부경전철,37.7539905661041,127.077226606947
곤제 의정부경전철,37.7505371570413,127.083822421136
어룡 의정부경전철,37.7426941378158,127.085206837732
송산 의정부경전철,37.7372760423191,127.08721549161
탑석 의정부경전철,37.7334871006703,127.088908165858
발곡 의정부경전철,37.7271478742052,127.052969199269
회룡 의정부경전철,37.7249952537983,127.047069262756
범골 의정부경전철,37.7287878498671,127.043668564435
경전철의정부 의정부경전철,37.7372643130628,127.04330596631
완정 인천,37.5928390497566,126.673033100577
모래내시장 인천,37.4558628174958,126.719621557604
석천사거리 인천,37.4567884972007,126.710422456642
인천시청 인천,37.4576690774014,126.692353074376
검단오류 인천,37.5949434686845,126.627907494962
주안 인천,37.4651552217129,126.679015725246
석바위시장 인천,37.4576690774014,126.692353074376
시민공원 인천,37.4583852139167,126.681074618963
주안국가산단 인천,37.47391267095278,126.68122005538342
가재울 인천,37.4841504406643,126.683769149033
인천가좌 인천,37.4898360731372,126.675242029489
서부여성회관 인천,37.5003434953542,126.675870541598
석남 인천,37.5062431189861,126.676149271119
가정중앙시장 인천,37.5175263931377,126.676823324228
검단사거리 인천,37.6016612295398,126.65643839271
서구청 인천,37.5440446154284,126.676844673062
검바위 인천,37.5686781799536,126.67567426472
검암 인천,37.5686781799536,126.67567426472
만수 인천,37.4549755117309,126.731736248865
남동구청 인천,37.4481747324298,126.736565773149
아시아드경기장 인천,37.5513145630525,126.677107520162
마전 인천,37.5976340869751,126.667223457118
왕길 인천,37.595129055954,126.642477372147
독정 인천,37.58484825991949,126.67600264877679
운연 인천,37.4396425989597,126.759606687799
인천대공원 인천,37.4484766105613,126.752851963764
가정 인천,37.5248168619511,126.675357432309
계양 인천,37.571517804153075,126.73633456381877
인천시청 인천,37.45773583769292,126.70223575350143
인천터미널 인천,37.4419166733897,126.699694889876
문학경기장 인천,37.4346513434001,126.698449383593
선학 인천,37.4269470843403,126.69892316532737
신연수 인천,37.4181081550544,126.694019681969
부평시장 인천,37.4983641942962,126.722285373949
부평구청 인천,37.5084658276667,126.720583092527
임학 인천,37.5450120455649,126.738633379569
박촌 인천,37.5536612597496,126.74506746745
갈산 인천,37.5171177260985,126.721550773775
부평삼거리 인천,37.477834830017315,126.71029378166388
동막 인천,37.3979424375979,126.673448014592
원인재 인천,37.4123688782408,126.687889114089
테크노파크 인천,37.3822809834253,126.656299104753
아라 인천,37.5922015078228,126.71338036262
신검단중앙 인천,37.6026518827203,126.6984792052
검단호수공원 인천,37.6024064488687,126.688281437599
동춘 인천,37.404576119239,126.680851046438
간석오거리 인천,37.4670826685298,126.707918490817
동수 인천,37.4855071635951,126.718606270842
작전 인천,37.5302710952892,126.722560827351
센트럴파크 인천,37.3928455432657,126.634988814949
인천대입구 인천,37.3862063921103,126.639542234479
지식정보단지 인천,37.37750721892,126.645861381029
국제업무지구 인천,37.3996578386606,126.630542158102
송도달빛축제공원 인천,37.406920219431996,126.62601790846256
캠퍼스타운 인천,37.38844295632,126.662206121031
부평 인천,37.4903768319169,126.723454741807
경인교대입구 인천,37.538124360683,126.722631302651
계산 인천,37.5433079533771,126.7277312169
귤현 인천,37.5662988350728,126.742679119614
예술회관 인천,37.4485259845342,126.700916120922
